Component,Origin,License,Copyright
addr2line,https://github.com/gimli-rs/addr2line,Apache-2.0 OR MIT,The addr2line Authors
adler,https://github.com/jonas-schievink/adler,0BSD OR MIT OR Apache-2.0,Jonas Schievink <jonasschievink@gmail.com>
aho-corasick,https://github.com/BurntSushi/aho-corasick,Unlicense OR MIT,Andrew Gallant <jamslam@gmail.com>
anyhow,https://github.com/dtolnay/anyhow,MIT OR Apache-2.0,David Tolnay <dtolnay@gmail.com>
backtrace,https://github.com/rust-lang/backtrace-rs,MIT OR Apache-2.0,The Rust Project Developers
base64,https://github.com/marshallpierce/rust-base64,MIT OR Apache-2.0,"Alice Maz <alice@alicemaz.com>, Marshall Pierce <marshall@mpierce.org>"
bitflags,https://github.com/bitflags/bitflags,MIT OR Apache-2.0,The Rust Project Developers
bumpalo,https://github.com/fitzgen/bumpalo,MIT OR Apache-2.0,Nick Fitzgerald <fitzgen@gmail.com>
byteorder,https://github.com/BurntSushi/byteorder,Unlicense OR MIT,Andrew Gallant <jamslam@gmail.com>
bytes,https://github.com/tokio-rs/bytes,MIT,"Carl Lerche <me@carllerche.com>, Sean McArthur <sean@seanmonstar.com>"
cfg-if,https://github.com/alexcrichton/cfg-if,MIT OR Apache-2.0,Alex Crichton <alex@alexcrichton.com>
collector,https://github.com/DataDog/libdatadog,Apache-2.0,The collector Authors
core-foundation,https://github.com/servo/core-foundation-rs,MIT OR Apache-2.0,The Servo Project Developers
crc32fast,https://github.com/srijs/rust-crc32fast,MIT OR Apache-2.0,"Sam Rijs <srijs@airpost.net>, Alex Crichton <alex@alexcrichton.com>"
data-pipeline,https://github.com/DataDog/libdatadog,Apache-2.0,The data-pipeline Authors
datadog-trace-normalization,https://github.com/DataDog/libdatadog,Apache-2.0,David Lee <david.lee@datadoghq.com>
datadog-trace-protobuf,https://github.com/DataDog/libdatadog,Apache-2.0,David Lee <david.lee@datadoghq.com>
datadog-trace-utils,https://github.com/DataDog/libdatadog,Apache-2.0,David Lee <david.lee@datadoghq.com>
ddcommon,https://github.com/DataDog/libdatadog,Apache-2.0,The ddcommon Authors
either,https://github.com/rayon-rs/either,MIT OR Apache-2.0,bluss
flate2,https://github.com/rust-lang/flate2-rs,MIT OR Apache-2.0,"Alex Crichton <alex@alexcrichton.com>, Josh Triplett <josh@joshtriplett.org>"
fnv,https://github.com/servo/rust-fnv,Apache-2.0  OR  MIT,Alex Crichton <alex@alexcrichton.com>
futures,https://github.com/rust-lang/futures-rs,MIT OR Apache-2.0,The futures Authors
futures-channel,https://github.com/rust-lang/futures-rs,MIT OR Apache-2.0,The futures-channel Authors
futures-core,https://github.com/rust-lang/futures-rs,MIT OR Apache-2.0,The futures-core Authors
futures-executor,https://github.com/rust-lang/futures-rs,MIT OR Apache-2.0,The futures-executor Authors
futures-io,https://github.com/rust-lang/futures-rs,MIT OR Apache-2.0,The futures-io Authors
futures-macro,https://github.com/rust-lang/futures-rs,MIT OR Apache-2.0,The futures-macro Authors
futures-sink,https://github.com/rust-lang/futures-rs,MIT OR Apache-2.0,The futures-sink Authors
futures-task,https://github.com/rust-lang/futures-rs,MIT OR Apache-2.0,The futures-task Authors
futures-util,https://github.com/rust-lang/futures-rs,MIT OR Apache-2.0,The futures-util Authors
getrandom,https://github.com/rust-random/getrandom,MIT OR Apache-2.0,The Rand Project Developers
gimli,https://github.com/gimli-rs/gimli,MIT OR Apache-2.0,The gimli Authors
hermit-abi,https://github.com/hermit-os/hermit-rs,MIT OR Apache-2.0,Stefan Lankes
hex,https://github.com/KokaKiwi/rust-hex,MIT OR Apache-2.0,KokaKiwi <kokakiwi@kokakiwi.net>
http,https://github.com/hyperium/http,MIT OR Apache-2.0,"Alex Crichton <alex@alexcrichton.com>, Carl Lerche <me@carllerche.com>, Sean McArthur <sean@seanmonstar.com>"
http-body,https://github.com/hyperium/http-body,MIT,"Carl Lerche <me@carllerche.com>, Lucio Franco <luciofranco14@gmail.com>, Sean McArthur <sean@seanmonstar.com>"
httparse,https://github.com/seanmonstar/httparse,MIT OR Apache-2.0,Sean McArthur <sean@seanmonstar.com>
httpdate,https://github.com/pyfisch/httpdate,MIT OR Apache-2.0,Pyfisch <pyfisch@posteo.org>
hyper,https://github.com/hyperium/hyper,MIT,Sean McArthur <sean@seanmonstar.com>
hyper-rustls,https://github.com/ctz/hyper-rustls,Apache-2.0 OR ISC OR MIT,The hyper-rustls Authors
itertools,https://github.com/rust-itertools/itertools,MIT OR Apache-2.0,bluss
itoa,https://github.com/dtolnay/itoa,MIT OR Apache-2.0,David Tolnay <dtolnay@gmail.com>
js-sys,https://github.com/rustwasm/wasm-bindgen/tree/master/crates/js-sys,MIT OR Apache-2.0,The wasm-bindgen Developers
lazy_static,https://github.com/rust-lang-nursery/lazy-static.rs,MIT OR Apache-2.0,Marvin LÃ¶bel <loebel.marvin@gmail.com>
libc,https://github.com/rust-lang/libc,MIT OR Apache-2.0,The Rust Project Developers
libloading,https://github.com/nagisa/rust_libloading,ISC,Simonas Kazlauskas <libloading@kazlauskas.me>
log,https://github.com/rust-lang/log,MIT OR Apache-2.0,The Rust Project Developers
memchr,https://github.com/BurntSushi/memchr,Unlicense OR MIT,"Andrew Gallant <jamslam@gmail.com>, bluss"
miniz_oxide,https://github.com/Frommi/miniz_oxide/tree/master/miniz_oxide,MIT OR Zlib OR Apache-2.0,"Frommi <daniil.liferenko@gmail.com>, oyvindln <oyvindln@users.noreply.github.com>"
mio,https://github.com/tokio-rs/mio,MIT,"Carl Lerche <me@carllerche.com>, Thomas de Zeeuw <thomasdezeeuw@gmail.com>, Tokio Contributors <team@tokio.rs>"
neon,https://github.com/neon-bindings/neon,MIT OR Apache-2.0,Dave Herman <david.herman@gmail.com>
num-traits,https://github.com/rust-num/num-traits,MIT OR Apache-2.0,The Rust Project Developers
num_cpus,https://github.com/seanmonstar/num_cpus,MIT OR Apache-2.0,Sean McArthur <sean@seanmonstar.com>
object,https://github.com/gimli-rs/object,Apache-2.0 OR MIT,The object Authors
once_cell,https://github.com/matklad/once_cell,MIT OR Apache-2.0,Aleksey Kladov <aleksey.kladov@gmail.com>
openssl-probe,https://github.com/alexcrichton/openssl-probe,MIT OR Apache-2.0,Alex Crichton <alex@alexcrichton.com>
paste,https://github.com/dtolnay/paste,MIT OR Apache-2.0,David Tolnay <dtolnay@gmail.com>
pin-project,https://github.com/taiki-e/pin-project,Apache-2.0 OR MIT,The pin-project Authors
pin-project-internal,https://github.com/taiki-e/pin-project,Apache-2.0 OR MIT,The pin-project-internal Authors
pin-project-lite,https://github.com/taiki-e/pin-project-lite,Apache-2.0 OR MIT,The pin-project-lite Authors
pin-utils,https://github.com/rust-lang-nursery/pin-utils,MIT OR Apache-2.0,Josef Brandl <mail@josefbrandl.de>
proc-macro2,https://github.com/dtolnay/proc-macro2,MIT OR Apache-2.0,"David Tolnay <dtolnay@gmail.com>, Alex Crichton <alex@alexcrichton.com>"
prost,https://github.com/tokio-rs/prost,Apache-2.0,"Dan Burkert <dan@danburkert.com>, Lucio Franco <luciofranco14@gmail.com, Tokio Contributors <team@tokio.rs>"
prost-derive,https://github.com/tokio-rs/prost,Apache-2.0,"Dan Burkert <dan@danburkert.com>, Lucio Franco <luciofranco14@gmail.com>, Tokio Contributors <team@tokio.rs>"
quote,https://github.com/dtolnay/quote,MIT OR Apache-2.0,David Tolnay <dtolnay@gmail.com>
regex,https://github.com/rust-lang/regex,MIT OR Apache-2.0,"The Rust Project Developers, Andrew Gallant <jamslam@gmail.com>"
regex-automata,https://github.com/rust-lang/regex/tree/master/regex-automata,MIT OR Apache-2.0,"The Rust Project Developers, Andrew Gallant <jamslam@gmail.com>"
regex-syntax,https://github.com/rust-lang/regex/tree/master/regex-syntax,MIT OR Apache-2.0,"The Rust Project Developers, Andrew Gallant <jamslam@gmail.com>"
ring,https://github.com/briansmith/ring,OpenSSL license,Brian Smith <brian@briansmith.org>
rmp,https://github.com/3Hren/msgpack-rust,MIT,Evgeny Safronov <division494@gmail.com>
rmp-serde,https://github.com/3Hren/msgpack-rust,MIT,Evgeny Safronov <division494@gmail.com>
rustc-demangle,https://github.com/alexcrichton/rustc-demangle,MIT OR Apache-2.0,Alex Crichton <alex@alexcrichton.com>
rustls,https://github.com/rustls/rustls,Apache-2.0 OR ISC OR MIT,The rustls Authors
rustls-native-certs,https://github.com/ctz/rustls-native-certs,Apache-2.0 OR ISC OR MIT,The rustls-native-certs Authors
rustls-pemfile,https://github.com/rustls/pemfile,Apache-2.0 OR ISC OR MIT,The rustls-pemfile Authors
ryu,https://github.com/dtolnay/ryu,Apache-2.0 OR BSL-1.0,David Tolnay <dtolnay@gmail.com>
schannel,https://github.com/steffengy/schannel-rs,MIT,"Steven Fackler <sfackler@gmail.com>, Steffen Butzer <steffen.butzer@outlook.com>"
sct,https://github.com/rustls/sct.rs,Apache-2.0 OR ISC OR MIT,Joseph Birr-Pixton <jpixton@gmail.com>
security-framework,https://github.com/kornelski/rust-security-framework,MIT OR Apache-2.0,"Steven Fackler <sfackler@gmail.com>, Kornel <kornel@geekhood.net>"
semver,https://github.com/dtolnay/semver,MIT OR Apache-2.0,David Tolnay <dtolnay@gmail.com>
send_wrapper,https://github.com/thk1/send_wrapper,MIT OR Apache-2.0,Thomas Keh
serde,https://github.com/serde-rs/serde,MIT OR Apache-2.0,"Erick Tryzelaar <erick.tryzelaar@gmail.com>, David Tolnay <dtolnay@gmail.com>"
serde_bytes,https://github.com/serde-rs/bytes,MIT OR Apache-2.0,David Tolnay <dtolnay@gmail.com>
serde_json,https://github.com/serde-rs/json,MIT OR Apache-2.0,"Erick Tryzelaar <erick.tryzelaar@gmail.com>, David Tolnay <dtolnay@gmail.com>"
slab,https://github.com/tokio-rs/slab,MIT,Carl Lerche <me@carllerche.com>
smallvec,https://github.com/servo/rust-smallvec,MIT OR Apache-2.0,The Servo Project Developers
socket2,https://github.com/rust-lang/socket2,MIT OR Apache-2.0,"Alex Crichton <alex@alexcrichton.com>, Thomas de Zeeuw <thomasdezeeuw@gmail.com>"
spin,https://github.com/mvdnes/spin-rs,MIT,"Mathijs van de Nes <git@mathijs.vd-nes.nl>, John Ericson <git@JohnEricson.me>"
spin,https://github.com/mvdnes/spin-rs,MIT,"Mathijs van de Nes <git@mathijs.vd-nes.nl>, John Ericson <git@JohnEricson.me>, Joshua Barretto <joshua.s.barretto@gmail.com>"
syn,https://github.com/dtolnay/syn,MIT OR Apache-2.0,David Tolnay <dtolnay@gmail.com>
syn-mid,https://github.com/taiki-e/syn-mid,Apache-2.0 OR MIT,The syn-mid Authors
tokio,https://github.com/tokio-rs/tokio,MIT,Tokio Contributors <team@tokio.rs>
tokio-rustls,https://github.com/tokio-rs/tls,MIT OR Apache-2.0,quininer kel <quininer@live.com>
tower-service,https://github.com/tower-rs/tower,MIT,Tower Maintainers <team@tower-rs.com>
tracing,https://github.com/tokio-rs/tracing,MIT,"Eliza Weisman <eliza@buoyant.io>, Tokio Contributors <team@tokio.rs>"
tracing-core,https://github.com/tokio-rs/tracing,MIT,Tokio Contributors <team@tokio.rs>
try-lock,https://github.com/seanmonstar/try-lock,MIT,Sean McArthur <sean@seanmonstar.com>
unicode-ident,https://github.com/dtolnay/unicode-ident,(MIT OR Apache-2.0) AND Unicode-DFS-2016,David Tolnay <dtolnay@gmail.com>
untrusted,https://github.com/briansmith/untrusted,ISC,Brian Smith <brian@briansmith.org>
want,https://github.com/seanmonstar/want,MIT,Sean McArthur <sean@seanmonstar.com>
wasi,https://github.com/bytecodealliance/wasi,Apache-2.0 WITH LLVM-exception OR Apache-2.0 OR MIT,The Cranelift Project Developers
wasm-bindgen,https://github.com/rustwasm/wasm-bindgen,MIT OR Apache-2.0,The wasm-bindgen Developers
wasm-bindgen-backend,https://github.com/rustwasm/wasm-bindgen/tree/master/crates/backend,MIT OR Apache-2.0,The wasm-bindgen Developers
wasm-bindgen-macro,https://github.com/rustwasm/wasm-bindgen/tree/master/crates/macro,MIT OR Apache-2.0,The wasm-bindgen Developers
wasm-bindgen-macro-support,https://github.com/rustwasm/wasm-bindgen/tree/master/crates/macro-support,MIT OR Apache-2.0,The wasm-bindgen Developers
wasm-bindgen-shared,https://github.com/rustwasm/wasm-bindgen/tree/master/crates/shared,MIT OR Apache-2.0,The wasm-bindgen Developers
web-sys,https://github.com/rustwasm/wasm-bindgen/tree/master/crates/web-sys,MIT OR Apache-2.0,The wasm-bindgen Developers
webpki,https://github.com/briansmith/webpki,ISC-style,Brian Smith <brian@briansmith.org>
winapi,https://github.com/retep998/winapi-rs,MIT OR Apache-2.0,Peter Atashian <retep998@gmail.com>
windows-sys,https://github.com/microsoft/windows-rs,MIT OR Apache-2.0,Microsoft
windows-targets,https://github.com/microsoft/windows-rs,MIT OR Apache-2.0,Microsoft
windows_aarch64_gnullvm,https://github.com/microsoft/windows-rs,MIT OR Apache-2.0,Microsoft
windows_aarch64_msvc,https://github.com/microsoft/windows-rs,MIT OR Apache-2.0,Microsoft
windows_i686_gnu,https://github.com/microsoft/windows-rs,MIT OR Apache-2.0,Microsoft
windows_i686_msvc,https://github.com/microsoft/windows-rs,MIT OR Apache-2.0,Microsoft
windows_x86_64_gnu,https://github.com/microsoft/windows-rs,MIT OR Apache-2.0,Microsoft
windows_x86_64_gnullvm,https://github.com/microsoft/windows-rs,MIT OR Apache-2.0,Microsoft
windows_x86_64_msvc,https://github.com/microsoft/windows-rs,MIT OR Apache-2.0,Microsoft
